"usage_group","total_users","avg_stress","avg_anxiety","avg_addiction","avg_sleep"
Medium Usage,377,5.3315649867374005,5.7055702917771883,5.5013262599469496,6.405570288235692
High Usage,672,5.5000000000000000,5.6741071428571429,5.5238095238095238,6.454166671349888
Low Usage,151,5.4900662251655629,5.2980132450331126,5.9072847682119205,6.5377483462655785
