"platform_usage","total_users","avg_usage","avg_anxiety","avg_addiction"
TikTok,398,4.531155774042235,5.7487437185929648,5.6155778894472362
Instagram,411,4.559367400596321,5.6690997566909976,5.5815085158150852
Both,391,4.518414320848177,5.4884910485933504,5.4961636828644501
