"usage_group","total_users","avg_mental_health","avg_sleep"
Medium Usage,456,7.63070175313113,7.847807021517503
High Usage,1204,5.611461795049649,6.071511635154585
Low Usage,45,8.022222264607747,8.046666590372721
